{
  "aggregate_score": 0.08724848181009293,
  "ptm": 0.43624240159988403,
  "iptm": 0.0,
  "per_chain_ptm": 0.43624240159988403,
  "per_chain_pair_iptm": 0.43624240159988403,
  "has_inter_chain_clashes": false,
  "chain_intra_clashes": 0,
  "chain_chain_inter_clashes": 0
}