{
  "aggregate_score": 0.08737382292747498,
  "ptm": 0.4368691146373749,
  "iptm": 0.0,
  "per_chain_ptm": 0.4368691146373749,
  "per_chain_pair_iptm": 0.4368691146373749,
  "has_inter_chain_clashes": false,
  "chain_intra_clashes": 0,
  "chain_chain_inter_clashes": 0
}