{
  "aggregate_score": 0.08768557757139206,
  "ptm": 0.4384278655052185,
  "iptm": 0.0,
  "per_chain_ptm": 0.4384278655052185,
  "per_chain_pair_iptm": 0.4384278655052185,
  "has_inter_chain_clashes": false,
  "chain_intra_clashes": 0,
  "chain_chain_inter_clashes": 0
}