{
  "aggregate_score": 0.08740495890378952,
  "ptm": 0.4370247721672058,
  "iptm": 0.0,
  "per_chain_ptm": 0.4370247721672058,
  "per_chain_pair_iptm": 0.4370247721672058,
  "has_inter_chain_clashes": false,
  "chain_intra_clashes": 1,
  "chain_chain_inter_clashes": 0
}