{
  "aggregate_score": 0.08747199177742004,
  "ptm": 0.4373599588871002,
  "iptm": 0.0,
  "per_chain_ptm": 0.4373599588871002,
  "per_chain_pair_iptm": 0.4373599588871002,
  "has_inter_chain_clashes": false,
  "chain_intra_clashes": 0,
  "chain_chain_inter_clashes": 0
}