{
  "aggregate_score": 0.09379971027374268,
  "ptm": 0.4689985513687134,
  "iptm": 0.0,
  "per_chain_ptm": 0.4689985513687134,
  "per_chain_pair_iptm": 0.4689985513687134,
  "has_inter_chain_clashes": false,
  "chain_intra_clashes": 1,
  "chain_chain_inter_clashes": 0
}