{
  "aggregate_score": 0.09395822882652283,
  "ptm": 0.46979114413261414,
  "iptm": 0.0,
  "per_chain_ptm": 0.46979114413261414,
  "per_chain_pair_iptm": 0.46979114413261414,
  "has_inter_chain_clashes": false,
  "chain_intra_clashes": 0,
  "chain_chain_inter_clashes": 0
}