{
  "aggregate_score": 0.09376145899295807,
  "ptm": 0.46880728006362915,
  "iptm": 0.0,
  "per_chain_ptm": 0.46880728006362915,
  "per_chain_pair_iptm": 0.46880728006362915,
  "has_inter_chain_clashes": false,
  "chain_intra_clashes": 0,
  "chain_chain_inter_clashes": 0
}