{
  "aggregate_score": 0.09376849979162216,
  "ptm": 0.4688425064086914,
  "iptm": 0.0,
  "per_chain_ptm": 0.4688425064086914,
  "per_chain_pair_iptm": 0.4688425064086914,
  "has_inter_chain_clashes": false,
  "chain_intra_clashes": 0,
  "chain_chain_inter_clashes": 0
}