{
  "aggregate_score": 0.5493367910385132,
  "ptm": 0.5823461413383484,
  "iptm": 0.5410844683647156,
  "per_chain_ptm": [
    [
      0.5858669281005859,
      0.7051706314086914
    ]
  ],
  "per_chain_pair_iptm": [
    [
      [
        0.5858669281005859,
        0.5129011273384094
      ],
      [
        0.5410844683647156,
        0.7051706314086914
      ]
    ]
  ],
  "has_inter_chain_clashes": false,
  "chain_intra_clashes": [
    [
      0,
      0
    ]
  ],
  "chain_chain_inter_clashes": [
    [
      [
        0,
        0
      ],
      [
        0,
        0
      ]
    ]
  ]
}