{
  "aggregate_score": 0.5473523139953613,
  "ptm": 0.5823538303375244,
  "iptm": 0.5386019349098206,
  "per_chain_ptm": [
    [
      0.5893893241882324,
      0.7044326066970825
    ]
  ],
  "per_chain_pair_iptm": [
    [
      [
        0.5893893241882324,
        0.5146714448928833
      ],
      [
        0.5386019349098206,
        0.7044326066970825
      ]
    ]
  ],
  "has_inter_chain_clashes": false,
  "chain_intra_clashes": [
    [
      4,
      0
    ]
  ],
  "chain_chain_inter_clashes": [
    [
      [
        0,
        0
      ],
      [
        0,
        0
      ]
    ]
  ]
}