{
  "aggregate_score": 0.549048900604248,
  "ptm": 0.5826504826545715,
  "iptm": 0.5406485199928284,
  "per_chain_ptm": [
    [
      0.5899076461791992,
      0.7058614492416382
    ]
  ],
  "per_chain_pair_iptm": [
    [
      [
        0.5899076461791992,
        0.5130554437637329
      ],
      [
        0.5406485199928284,
        0.7058614492416382
      ]
    ]
  ],
  "has_inter_chain_clashes": false,
  "chain_intra_clashes": [
    [
      0,
      0
    ]
  ],
  "chain_chain_inter_clashes": [
    [
      [
        0,
        0
      ],
      [
        0,
        0
      ]
    ]
  ]
}