{
  "aggregate_score": 0.5385617017745972,
  "ptm": 0.5768360495567322,
  "iptm": 0.5289931297302246,
  "per_chain_ptm": [
    [
      0.5928059816360474,
      0.7010714411735535
    ]
  ],
  "per_chain_pair_iptm": [
    [
      [
        0.5928059816360474,
        0.49648383259773254
      ],
      [
        0.5289931297302246,
        0.7010714411735535
      ]
    ]
  ],
  "has_inter_chain_clashes": false,
  "chain_intra_clashes": [
    [
      0,
      0
    ]
  ],
  "chain_chain_inter_clashes": [
    [
      [
        0,
        0
      ],
      [
        0,
        0
      ]
    ]
  ]
}