{
  "aggregate_score": 0.5471115708351135,
  "ptm": 0.5829064249992371,
  "iptm": 0.538162887096405,
  "per_chain_ptm": [
    [
      0.5897344350814819,
      0.7050104737281799
    ]
  ],
  "per_chain_pair_iptm": [
    [
      [
        0.5897344350814819,
        0.5144158005714417
      ],
      [
        0.538162887096405,
        0.7050104737281799
      ]
    ]
  ],
  "has_inter_chain_clashes": false,
  "chain_intra_clashes": [
    [
      0,
      0
    ]
  ],
  "chain_chain_inter_clashes": [
    [
      [
        0,
        0
      ],
      [
        0,
        0
      ]
    ]
  ]
}