{
  "aggregate_score": 0.4187827706336975,
  "ptm": 0.5341683626174927,
  "iptm": 0.3899363577365875,
  "per_chain_ptm": [
    [
      0.5244612693786621,
      0.7205488681793213
    ]
  ],
  "per_chain_pair_iptm": [
    [
      [
        0.5244612693786621,
        0.3899363577365875
      ],
      [
        0.38080519437789917,
        0.7205488681793213
      ]
    ]
  ],
  "has_inter_chain_clashes": false,
  "chain_intra_clashes": [
    [
      0,
      0
    ]
  ],
  "chain_chain_inter_clashes": [
    [
      [
        0,
        0
      ],
      [
        0,
        0
      ]
    ]
  ]
}