{
  "aggregate_score": 0.42760834097862244,
  "ptm": 0.5354469418525696,
  "iptm": 0.40064865350723267,
  "per_chain_ptm": [
    [
      0.5256994962692261,
      0.7222362160682678
    ]
  ],
  "per_chain_pair_iptm": [
    [
      [
        0.5256994962692261,
        0.40064865350723267
      ],
      [
        0.3882216215133667,
        0.7222362160682678
      ]
    ]
  ],
  "has_inter_chain_clashes": false,
  "chain_intra_clashes": [
    [
      0,
      0
    ]
  ],
  "chain_chain_inter_clashes": [
    [
      [
        0,
        0
      ],
      [
        0,
        0
      ]
    ]
  ]
}