{
  "aggregate_score": 0.35573509335517883,
  "ptm": 0.5280172824859619,
  "iptm": 0.31266453862190247,
  "per_chain_ptm": [
    [
      0.5266748666763306,
      0.6956866979598999
    ]
  ],
  "per_chain_pair_iptm": [
    [
      [
        0.5266748666763306,
        0.29279598593711853
      ],
      [
        0.31266453862190247,
        0.6956866979598999
      ]
    ]
  ],
  "has_inter_chain_clashes": false,
  "chain_intra_clashes": [
    [
      0,
      0
    ]
  ],
  "chain_chain_inter_clashes": [
    [
      [
        0,
        0
      ],
      [
        0,
        0
      ]
    ]
  ]
}