{
  "aggregate_score": 0.4233330190181732,
  "ptm": 0.5355597734451294,
  "iptm": 0.3952763080596924,
  "per_chain_ptm": [
    [
      0.5266971588134766,
      0.7246288061141968
    ]
  ],
  "per_chain_pair_iptm": [
    [
      [
        0.5266971588134766,
        0.3952763080596924
      ],
      [
        0.39354056119918823,
        0.7246288061141968
      ]
    ]
  ],
  "has_inter_chain_clashes": false,
  "chain_intra_clashes": [
    [
      0,
      0
    ]
  ],
  "chain_chain_inter_clashes": [
    [
      [
        0,
        0
      ],
      [
        0,
        0
      ]
    ]
  ]
}