{
  "aggregate_score": 0.08721806108951569,
  "ptm": 0.43609029054641724,
  "iptm": 0.0,
  "per_chain_ptm": 0.43609029054641724,
  "per_chain_pair_iptm": 0.43609029054641724,
  "has_inter_chain_clashes": false,
  "chain_intra_clashes": 1,
  "chain_chain_inter_clashes": 0
}