{
  "aggregate_score": 0.08709745109081268,
  "ptm": 0.4354872405529022,
  "iptm": 0.0,
  "per_chain_ptm": 0.4354872405529022,
  "per_chain_pair_iptm": 0.4354872405529022,
  "has_inter_chain_clashes": false,
  "chain_intra_clashes": 1,
  "chain_chain_inter_clashes": 0
}