{
  "aggregate_score": 0.08735337108373642,
  "ptm": 0.4367668330669403,
  "iptm": 0.0,
  "per_chain_ptm": 0.4367668330669403,
  "per_chain_pair_iptm": 0.4367668330669403,
  "has_inter_chain_clashes": false,
  "chain_intra_clashes": 1,
  "chain_chain_inter_clashes": 0
}