{
  "aggregate_score": 0.08683213591575623,
  "ptm": 0.43416067957878113,
  "iptm": 0.0,
  "per_chain_ptm": 0.43416067957878113,
  "per_chain_pair_iptm": 0.43416067957878113,
  "has_inter_chain_clashes": false,
  "chain_intra_clashes": 0,
  "chain_chain_inter_clashes": 0
}